metric,control_target,role,full_spearman,full_pairwise_consistency,leave_one_model_spearman_min,leave_one_model_spearman_mean,leave_one_model_spearman_max,leave_one_model_pairwise_min,leave_one_model_pairwise_mean,leave_one_model_pairwise_max,leave_one_family_spearman_min,leave_one_family_spearman_mean,leave_one_family_spearman_max,leave_one_family_pairwise_min,leave_one_family_pairwise_mean,leave_one_family_pairwise_max
tair_first_step_mae,mpc_tair_mae,weak_selection,0.3323529411764706,0.6083333333333333,0.22142857142857136,0.33080357142857136,0.5535714285714285,0.5714285714285714,0.6083333333333334,0.6761904761904762,0.22142857142857136,0.3326173826173826,0.6263736263736264,0.5641025641025641,0.6093240093240092,0.717948717948718
tair_first_step_mae,mpc_rhair_mae,weak_selection,0.34705882352941175,0.625,0.2285714285714285,0.3457589285714285,0.4642857142857142,0.580952380952381,0.625,0.6761904761904762,0.2285714285714285,0.3474525474525474,0.4642857142857142,0.580952380952381,0.6257409257409257,0.6761904761904762
tair_first_step_mae,mpc_co2_mae,offline_or_diagnostic_only,-0.023529411764705882,0.4666666666666667,-0.175,-0.024107142857142855,0.11428571428571425,0.4095238095238095,0.4666666666666667,0.5142857142857142,-0.20329670329670327,-0.023226773226773224,0.15384615384615383,0.4095238095238095,0.46699966699966705,0.5384615384615384
tair_first_step_mae,mpc_objective,offline_or_diagnostic_only,0.1764705882352941,0.55,0.04642857142857142,0.17544642857142856,0.3428571428571428,0.5047619047619047,0.55,0.6095238095238096,0.027472527472527472,0.17674825174825173,0.37912087912087916,0.46153846153846156,0.5501498501498502,0.6282051282051282
tair_control_horizon_mae,mpc_tair_mae,offline_or_diagnostic_only,0.21339225791815683,0.5546218487394958,0.07685436491568585,0.2119934023890396,0.34852560833857543,0.5096153846153846,0.5546130952380952,0.5961538461538461,0.07685436491568585,0.21371706618347916,0.514443402768482,0.5096153846153846,0.5550182141091231,0.6493506493506493
tair_control_horizon_mae,mpc_rhair_mae,secondary_selection,0.4459162355117346,0.680672268907563,0.3270778785946631,0.4447610999149375,0.5737267706496549,0.6346153846153846,0.6806433150183151,0.7211538461538461,0.3270778785946631,0.44349758710084264,0.5914723614717842,0.6346153846153846,0.6806279579006852,0.7402597402597403
tair_control_horizon_mae,mpc_co2_mae,offline_or_diagnostic_only,0.042678451583631365,0.5210084033613446,-0.0947274730356128,0.042666856925920746,0.18051839201126213,0.47115384615384615,0.5210050366300367,0.5673076923076923,-0.18431929404004438,0.03988672736466889,0.20242036451305656,0.44155844155844154,0.5204020726748,0.5777777777777777
tair_control_horizon_mae,mpc_objective,offline_or_diagnostic_only,0.244297343547683,0.5882352941176471,0.128686378463474,0.2433804541694589,0.3753352705184658,0.5480769230769231,0.5882268772893773,0.6346153846153846,0.024759308154632828,0.242761251813013,0.46767582069862007,0.4935064935064935,0.5877536604809332,0.6753246753246753
tair_weighted_horizon_mae,mpc_tair_mae,secondary_selection,0.38823529411764707,0.6166666666666667,0.2785714285714285,0.38616071428571425,0.5071428571428571,0.5714285714285714,0.6166666666666667,0.6666666666666666,0.2785714285714285,0.3889360639360639,0.5714285714285714,0.5714285714285714,0.6185814185814186,0.6794871794871795
tair_weighted_horizon_mae,mpc_rhair_mae,secondary_selection,0.3941176470588235,0.65,0.2642857142857143,0.3928571428571428,0.5285714285714286,0.6,0.65,0.6952380952380952,0.1758241758241758,0.38568931068931067,0.5549450549450549,0.5641025641025641,0.6467865467865468,0.7051282051282052
tair_weighted_horizon_mae,mpc_co2_mae,weak_selection,0.28823529411764703,0.5916666666666667,0.17857142857142855,0.2868303571428571,0.457142857142857,0.5428571428571428,0.5916666666666667,0.6476190476190476,0.17032967032967034,0.28978521478521474,0.457142857142857,0.5428571428571428,0.5931401931401932,0.6476190476190476
tair_weighted_horizon_mae,mpc_objective,offline_or_diagnostic_only,0.2441176470588235,0.5916666666666667,0.09285714285714285,0.24330357142857142,0.34642857142857136,0.5428571428571428,0.5916666666666667,0.638095238095238,-0.005494505494505494,0.24338161838161837,0.4197802197802198,0.5,0.591042291042291,0.6593406593406593
tair_full_horizon_mae,mpc_tair_mae,secondary_selection,0.4088235294117647,0.6166666666666667,0.30357142857142855,0.40647321428571426,0.532142857142857,0.5714285714285714,0.6166666666666667,0.6666666666666666,0.30357142857142855,0.40819180819180817,0.5659340659340659,0.5714285714285714,0.617982017982018,0.6666666666666666
tair_full_horizon_mae,mpc_rhair_mae,secondary_selection,0.4294117647058823,0.6666666666666666,0.3071428571428571,0.428125,0.532142857142857,0.6190476190476191,0.6666666666666667,0.7142857142857143,0.18131868131868134,0.4199050949050948,0.5604395604395606,0.5769230769230769,0.6632367632367632,0.717948717948718
tair_full_horizon_mae,mpc_co2_mae,weak_selection,0.2823529411764706,0.5916666666666667,0.1714285714285714,0.28102678571428563,0.44999999999999996,0.5428571428571428,0.5916666666666668,0.6476190476190476,0.1714285714285714,0.2847902097902097,0.44999999999999996,0.5428571428571428,0.5937395937395937,0.6476190476190476
tair_full_horizon_mae,mpc_objective,weak_selection,0.27058823529411763,0.6083333333333333,0.125,0.26986607142857144,0.37857142857142856,0.5619047619047619,0.6083333333333334,0.6571428571428571,0.0,0.2691058941058941,0.45054945054945056,0.5128205128205128,0.6074925074925074,0.6813186813186813
tair_final_step_mae,mpc_tair_mae,offline_or_diagnostic_only,0.16764705882352943,0.5666666666666667,0.010714285714285713,0.1671875,0.27499999999999997,0.5142857142857142,0.5666666666666667,0.6095238095238096,0.010714285714285713,0.1696303696303696,0.27499999999999997,0.5142857142857142,0.5679653679653679,0.6095238095238096
tair_final_step_mae,mpc_rhair_mae,primary_selection,0.6147058823529412,0.75,0.5464285714285714,0.6131696428571427,0.7857142857142856,0.7238095238095238,0.75,0.819047619047619,0.4945054945054945,0.6093156843156843,0.7857142857142856,0.7051282051282052,0.7487512487512489,0.819047619047619
tair_final_step_mae,mpc_co2_mae,offline_or_diagnostic_only,0.049999999999999996,0.525,-0.11071428571428568,0.05,0.22499999999999998,0.4666666666666667,0.525,0.5904761904761905,-0.11071428571428568,0.052122877122877116,0.21428571428571427,0.4666666666666667,0.5259407259407258,0.5897435897435898
tair_final_step_mae,mpc_objective,offline_or_diagnostic_only,0.2029411764705882,0.575,0.04285714285714285,0.20223214285714283,0.28571428571428564,0.5238095238095238,0.575,0.6095238095238096,0.04285714285714285,0.2008491508491508,0.3098901098901099,0.5128205128205128,0.576123876123876,0.6282051282051282
tair_control_horizon_abs_bias,mpc_tair_mae,offline_or_diagnostic_only,0.06176470588235294,0.5083333333333333,-0.10714285714285714,0.06116071428571427,0.2071428571428571,0.45714285714285713,0.5083333333333333,0.5619047619047619,-0.10714285714285714,0.06311188811188811,0.26373626373626374,0.45714285714285713,0.50999000999001,0.5897435897435898
tair_control_horizon_abs_bias,mpc_rhair_mae,secondary_selection,0.5970588235294118,0.6916666666666667,0.5357142857142856,0.5941964285714285,0.7071428571428571,0.6571428571428571,0.6916666666666667,0.7333333333333333,0.5252747252747253,0.5889110889110888,0.7252747252747254,0.6483516483516484,0.6902430902430903,0.7435897435897436
tair_control_horizon_abs_bias,mpc_co2_mae,offline_or_diagnostic_only,0.0,0.5,-0.1607142857142857,0.0,0.10714285714285714,0.44761904761904764,0.5,0.5428571428571428,-0.16483516483516483,-0.0005494505494505475,0.1252747252747253,0.4358974358974359,0.49893439893439895,0.5428571428571428
tair_control_horizon_abs_bias,mpc_objective,objective_secondary_selection,0.36176470588235293,0.6333333333333333,0.2571428571428571,0.3604910714285714,0.46071428571428563,0.5904761904761905,0.6333333333333333,0.6666666666666666,0.2678571428571428,0.36253746253746244,0.48571428571428577,0.6,0.6338994338994337,0.6813186813186813
tair_constraint_near_mae_proxy,mpc_tair_mae,offline_or_diagnostic_only,0.15158208665910447,0.5462184873949579,-0.008936554059963471,0.15077880534142904,0.2520108244909699,0.49038461538461536,0.54617673992674,0.5865384615384616,-0.008936554059963471,0.1543488293145931,0.34938134840426316,0.49038461538461536,0.5466515807424898,0.6103896103896104
tair_constraint_near_mae_proxy,mpc_rhair_mae,weak_selection,0.28108911215426174,0.5882352941176471,0.14119755414742285,0.27969338723523735,0.42359266244226856,0.5384615384615384,0.5882783882783882,0.6442307692307693,0.14119755414742285,0.27700392620555514,0.44291651254398723,0.5384615384615384,0.5874446260809898,0.6493506493506493
tair_constraint_near_mae_proxy,mpc_co2_mae,offline_or_diagnostic_only,0.10154528135415737,0.5294117647058824,-0.048257391923802746,0.10096869214108155,0.24128695961901372,0.47115384615384615,0.5293956043956045,0.5769230769230769,-0.18431929404004438,0.09462183464649045,0.24128695961901372,0.4155844155844156,0.5272258044985317,0.5769230769230769
tair_constraint_near_mae_proxy,mpc_objective,offline_or_diagnostic_only,0.23546731908210405,0.5630252100840336,0.08221629735166394,0.2340042567747501,0.4253799732542613,0.5096153846153846,0.5630437271062271,0.625,0.08221629735166394,0.23182072718159538,0.4253799732542613,0.5096153846153846,0.562068487068487,0.625
rhair_first_step_mae,mpc_tair_mae,offline_or_diagnostic_only,-0.09705882352941177,0.4666666666666667,-0.23928571428571427,-0.0966517857142857,0.05357142857142857,0.41904761904761906,0.4666666666666667,0.5238095238095238,-0.39560439560439564,-0.1035964035964036,0.05357142857142857,0.358974358974359,0.46396936396936395,0.5238095238095238
rhair_first_step_mae,mpc_rhair_mae,offline_or_diagnostic_only,0.17352941176470588,0.5833333333333334,0.04642857142857142,0.17343749999999997,0.3857142857142856,0.5333333333333333,0.5833333333333333,0.6571428571428571,0.049450549450549455,0.17170329670329668,0.3857142857142856,0.5256410256410257,0.5827505827505827,0.6571428571428571
rhair_first_step_mae,mpc_co2_mae,offline_or_diagnostic_only,-0.34705882352941175,0.375,-0.4428571428571427,-0.34575892857142854,-0.23571428571428568,0.3333333333333333,0.375,0.41904761904761906,-0.6208791208791209,-0.3509240759240759,-0.23571428571428568,0.2564102564102564,0.37266067266067265,0.41904761904761906
rhair_first_step_mae,mpc_objective,weak_selection,0.3,0.625,0.15,0.2993303571428571,0.5249999999999999,0.5714285714285714,0.625,0.7047619047619048,0.06593406593406594,0.2929320679320679,0.5249999999999999,0.5384615384615384,0.6231102231102231,0.7047619047619048
rhair_control_horizon_mae,mpc_tair_mae,offline_or_diagnostic_only,-0.02941176470588235,0.475,-0.1607142857142857,-0.0296875,0.08214285714285713,0.42857142857142855,0.475,0.5047619047619047,-0.21428571428571427,-0.03531468531468531,0.06071428571428571,0.4230769230769231,0.47385947385947386,0.49523809523809526
rhair_control_horizon_mae,mpc_rhair_mae,offline_or_diagnostic_only,0.06176470588235294,0.525,-0.08928571428571427,0.061607142857142846,0.25,0.4666666666666667,0.5249999999999999,0.5904761904761905,-0.039285714285714285,0.06338661338661336,0.25,0.48717948717948717,0.5255744255744256,0.5904761904761905
rhair_control_horizon_mae,mpc_co2_mae,offline_or_diagnostic_only,-0.09117647058823529,0.48333333333333334,-0.2321428571428571,-0.09040178571428571,0.014285714285714282,0.4380952380952381,0.4833333333333334,0.5238095238095238,-0.3131868131868132,-0.09717782217782217,0.014285714285714282,0.3974358974358974,0.48131868131868133,0.5256410256410257
rhair_control_horizon_mae,mpc_objective,weak_selection,0.3294117647058824,0.6333333333333333,0.1857142857142857,0.3285714285714285,0.5142857142857142,0.580952380952381,0.6333333333333333,0.6952380952380952,0.12087912087912088,0.3205544455544455,0.5142857142857142,0.5512820512820513,0.6308691308691309,0.6952380952380952
rhair_weighted_horizon_mae,mpc_tair_mae,weak_selection,0.32229589299362993,0.6050420168067226,0.19839150013118906,0.32078916283241166,0.49151047329799097,0.5576923076923077,0.6050595238095238,0.6634615384615384,0.1568089516460079,0.3187210310960787,0.49151047329799097,0.5324675324675324,0.6040984268256996,0.6634615384615384
rhair_weighted_horizon_mae,mpc_rhair_mae,weak_selection,0.2781457706657354,0.5966386554621849,0.13762293252343746,0.2769892713862114,0.3928571428571428,0.5480769230769231,0.5965888278388278,0.638095238095238,0.13762293252343746,0.27856072779890256,0.3928571428571428,0.5480769230769231,0.5971927062836154,0.638095238095238
rhair_weighted_horizon_mae,mpc_co2_mae,offline_or_diagnostic_only,0.2104489164296305,0.5714285714285714,0.08400360816365662,0.20953824481196728,0.3699733380824877,0.5192307692307693,0.5714285714285714,0.625,-0.0027510342394036474,0.2047122628831821,0.3878958277559143,0.4935064935064935,0.5700882450882451,0.6493506493506493
rhair_weighted_horizon_mae,mpc_objective,objective_secondary_selection,0.45033124774452404,0.6554621848739496,0.33243981103064113,0.4484496236883052,0.5647902165896914,0.6057692307692307,0.6554544413919414,0.7019230769230769,0.2448420473069246,0.44491897511648926,0.577717190274766,0.5714285714285714,0.6542069042069042,0.7142857142857143
rhair_full_horizon_mae,mpc_tair_mae,secondary_selection,0.3529411764705882,0.625,0.23571428571428568,0.3515625,0.5285714285714286,0.580952380952381,0.625,0.6857142857142857,0.2087912087912088,0.3495004995004995,0.5285714285714286,0.5641025641025641,0.6233433233433233,0.6857142857142857
rhair_full_horizon_mae,mpc_rhair_mae,weak_selection,0.29705882352941176,0.6083333333333333,0.1607142857142857,0.29598214285714286,0.4142857142857142,0.5619047619047619,0.6083333333333334,0.6476190476190476,0.1607142857142857,0.2972277722277722,0.4142857142857142,0.5619047619047619,0.6089244089244089,0.6476190476190476
rhair_full_horizon_mae,mpc_co2_mae,weak_selection,0.2588235294117647,0.6,0.14285714285714282,0.25803571428571426,0.42499999999999993,0.5523809523809524,0.6,0.6571428571428571,0.07142857142857142,0.251973026973027,0.42499999999999993,0.5384615384615384,0.5981684981684982,0.6571428571428571
rhair_full_horizon_mae,mpc_objective,objective_secondary_selection,0.45,0.65,0.3321428571428571,0.4479910714285714,0.5642857142857142,0.6,0.65,0.6952380952380952,0.24175824175824176,0.4443806193806193,0.5824175824175823,0.5641025641025641,0.6492174492174493,0.717948717948718
rhair_final_step_mae,mpc_tair_mae,offline_or_diagnostic_only,0.24282567280341982,0.5798319327731093,0.10187671628358358,0.2417098394278358,0.45933887868212253,0.5288461538461539,0.579842032967033,0.6538461538461539,0.10187671628358358,0.24023691033392972,0.45933887868212253,0.5288461538461539,0.5789654789654789,0.6538461538461539
rhair_final_step_mae,mpc_rhair_mae,secondary_selection,0.4576896014658398,0.6554621848739496,0.34852560833857543,0.4557015934017095,0.5607142857142856,0.6153846153846154,0.6554143772893773,0.6952380952380952,0.34852560833857543,0.4582123911253079,0.5804682245141696,0.6153846153846154,0.6568618250436432,0.7142857142857143
rhair_final_step_mae,mpc_co2_mae,offline_or_diagnostic_only,0.09271525688857848,0.5126050420168067,-0.05898125679575892,0.09181311467688462,0.23771233799502833,0.4519230769230769,0.512603021978022,0.5576923076923077,-0.05898125679575892,0.08758176352644968,0.23771233799502833,0.4519230769230769,0.511373222736859,0.5576923076923077
rhair_final_step_mae,mpc_objective,weak_selection,0.3208242222493668,0.6134453781512605,0.18588032444724023,0.31955479880719223,0.43610383812621745,0.5673076923076923,0.6134329212454213,0.6538461538461539,0.18588032444724023,0.32014554251943345,0.43610383812621745,0.5673076923076923,0.6133038678493224,0.6538461538461539
rhair_control_horizon_abs_bias,mpc_tair_mae,offline_or_diagnostic_only,-0.5058823529411764,0.325,-0.6107142857142855,-0.5037946428571427,-0.39999999999999997,0.29523809523809524,0.325,0.37142857142857144,-0.6703296703296703,-0.4998001998001998,-0.39999999999999997,0.2692307692307692,0.32597402597402597,0.37142857142857144
rhair_control_horizon_abs_bias,mpc_rhair_mae,offline_or_diagnostic_only,-0.25588235294117645,0.4083333333333333,-0.34642857142857136,-0.25491071428571427,-0.12142857142857141,0.37142857142857144,0.4083333333333333,0.45714285714285713,-0.34642857142857136,-0.2567682317682317,-0.12142857142857141,0.37142857142857144,0.4077922077922078,0.45714285714285713
rhair_control_horizon_abs_bias,mpc_co2_mae,secondary_selection,0.4794117647058824,0.6666666666666666,0.4071428571428571,0.4774553571428571,0.5499999999999999,0.638095238095238,0.6666666666666666,0.6952380952380952,0.34615384615384615,0.4747752247752247,0.5780219780219781,0.6153846153846154,0.6663003663003664,0.7142857142857143
rhair_control_horizon_abs_bias,mpc_objective,offline_or_diagnostic_only,0.2441176470588235,0.5833333333333334,0.175,0.2430803571428571,0.4357142857142856,0.5619047619047619,0.5833333333333333,0.6476190476190476,0.1043956043956044,0.2407592407592407,0.4357142857142856,0.5512820512820513,0.5829503829503829,0.6476190476190476
rhair_constraint_near_mae_proxy,mpc_tair_mae,weak_selection,0.31764705882352945,0.6166666666666667,0.24642857142857136,0.3165178571428571,0.5678571428571427,0.580952380952381,0.6166666666666667,0.6952380952380952,0.24642857142857136,0.31720779220779216,0.5678571428571427,0.580952380952381,0.6174492174492174,0.6952380952380952
rhair_constraint_near_mae_proxy,mpc_rhair_mae,offline_or_diagnostic_only,0.19999999999999998,0.5833333333333334,0.028571428571428564,0.19955357142857139,0.33928571428571425,0.5238095238095238,0.5833333333333333,0.6285714285714286,0.028571428571428564,0.2001998001998002,0.33928571428571425,0.5238095238095238,0.583116883116883,0.6285714285714286
rhair_constraint_near_mae_proxy,mpc_co2_mae,weak_selection,0.34411764705882353,0.625,0.2607142857142857,0.3428571428571428,0.5249999999999999,0.5904761904761905,0.625,0.6857142857142857,0.24395604395604395,0.34255744255744247,0.5249999999999999,0.5824175824175825,0.6245754245754245,0.6857142857142857
rhair_constraint_near_mae_proxy,mpc_objective,weak_selection,0.25588235294117645,0.575,0.14285714285714282,0.2544642857142857,0.42142857142857143,0.5333333333333333,0.575,0.6285714285714286,0.14285714285714282,0.25482017982017974,0.42142857142857143,0.5333333333333333,0.5753912753912753,0.6285714285714286
co2_first_step_mae,mpc_tair_mae,offline_or_diagnostic_only,0.2104489164296305,0.5966386554621849,0.07142857142857141,0.21022445162924863,0.35567485158654616,0.5523809523809524,0.5966918498168499,0.6442307692307693,0.07142857142857141,0.2105156218730787,0.33065250021864845,0.5523809523809524,0.5968095036276854,0.6346153846153846
co2_first_step_mae,mpc_rhair_mae,offline_or_diagnostic_only,-0.1309786962394204,0.47058823529411764,-0.23413771637104297,-0.13003085288816452,0.035714285714285705,0.4230769230769231,0.4705242673992674,0.5238095238095238,-0.3053648005738049,-0.12968784994154733,0.035714285714285705,0.4025974025974026,0.4706371910917365,0.5238095238095238
co2_first_step_mae,mpc_co2_mae,offline_or_diagnostic_only,-0.24282567280341982,0.4117647058823529,-0.3592494732105315,-0.24192127933224683,-0.1626452838913352,0.375,0.4118017399267399,0.4326923076923077,-0.3933978962347216,-0.23577227017867616,-0.046767582069862,0.36363636363636365,0.4141484777848415,0.4805194805194805
co2_first_step_mae,mpc_objective,offline_or_diagnostic_only,-0.16777046484599917,0.4789915966386555,-0.2752458650468749,-0.16609263245835654,-0.04647008111181006,0.4423076923076923,0.47897779304029303,0.5096153846153846,-0.2752458650468749,-0.1622506138859734,-0.04647008111181006,0.4423076923076923,0.4795943955034864,0.5096153846153846
co2_control_horizon_mae,mpc_tair_mae,offline_or_diagnostic_only,0.19573220898699903,0.5882352941176471,0.049999999999999996,0.19548153221972653,0.35567485158654616,0.5428571428571428,0.5882898351648351,0.6538461538461539,0.049999999999999996,0.1938419117351159,0.35567485158654616,0.5428571428571428,0.5874610238246601,0.6538461538461539
co2_control_horizon_mae,mpc_rhair_mae,offline_or_diagnostic_only,-0.166298794101736,0.4957983193277311,-0.26630931098691146,-0.1642095799833984,0.0035714285714285704,0.4519230769230769,0.49573031135531137,0.5523809523809524,-0.3658875538406851,-0.1656374324604866,0.0035714285714285704,0.42857142857142855,0.4950736132554315,0.5523809523809524
co2_control_horizon_mae,mpc_co2_mae,offline_or_diagnostic_only,-0.35761599085594553,0.35294117647058826,-0.455764257058137,-0.35674163026627176,-0.2734585542348823,0.3076923076923077,0.3529876373626374,0.38461538461538464,-0.5089413342896748,-0.3490243975687477,-0.11279240381554954,0.2857142857142857,0.3553141303141303,0.42857142857142855
co2_control_horizon_mae,mpc_objective,offline_or_diagnostic_only,-0.23546731908210405,0.4369747899159664,-0.3574621623985389,-0.2340024606826869,-0.11438789196753243,0.3942307692307692,0.43696771978021975,0.4807692307692308,-0.3574621623985389,-0.22966286231904098,-0.11438789196753243,0.3942307692307692,0.43830008375462925,0.4807692307692308
co2_weighted_horizon_mae,mpc_tair_mae,offline_or_diagnostic_only,0.0823529411764706,0.5416666666666666,0.017857142857142853,0.08236607142857141,0.3142857142857143,0.5142857142857142,0.5416666666666667,0.6190476190476191,-0.0879120879120879,0.07335164835164835,0.3142857142857143,0.47435897435897434,0.5378621378621378,0.6190476190476191
co2_weighted_horizon_mae,mpc_rhair_mae,offline_or_diagnostic_only,0.12352941176470587,0.6083333333333333,0.03214285714285714,0.12477678571428569,0.36428571428571427,0.580952380952381,0.6083333333333334,0.6952380952380952,-0.054945054945054944,0.11923076923076921,0.36428571428571427,0.5256410256410257,0.6051615051615052,0.6952380952380952
co2_weighted_horizon_mae,mpc_co2_mae,offline_or_diagnostic_only,-0.4852941176470588,0.3333333333333333,-0.5964285714285712,-0.4832589285714285,-0.37499999999999994,0.29523809523809524,0.33333333333333337,0.38095238095238093,-0.6593406593406593,-0.482017982017982,-0.37499999999999994,0.2692307692307692,0.3337995337995338,0.38095238095238093
co2_weighted_horizon_mae,mpc_objective,offline_or_diagnostic_only,-0.19117647058823528,0.45,-0.32499999999999996,-0.1899553571428571,-0.017857142857142853,0.4095238095238095,0.44999999999999996,0.5142857142857142,-0.32499999999999996,-0.19320679320679315,-0.017857142857142853,0.4095238095238095,0.4487845487845488,0.5142857142857142
co2_full_horizon_mae,mpc_tair_mae,offline_or_diagnostic_only,0.13529411764705881,0.55,0.06071428571428571,0.13482142857142856,0.37857142857142856,0.5142857142857142,0.55,0.6285714285714286,-0.0934065934065934,0.12644855144855144,0.37857142857142856,0.46153846153846156,0.5465201465201465,0.6285714285714286
co2_full_horizon_mae,mpc_rhair_mae,offline_or_diagnostic_only,0.16764705882352943,0.6166666666666667,0.08214285714285713,0.1685267857142857,0.41785714285714276,0.5904761904761905,0.6166666666666667,0.7047619047619048,0.016483516483516484,0.16286213786213782,0.41785714285714276,0.5641025641025641,0.6146853146853147,0.7047619047619048
co2_full_horizon_mae,mpc_co2_mae,offline_or_diagnostic_only,-0.4294117647058823,0.35833333333333334,-0.5428571428571428,-0.42745535714285704,-0.3071428571428571,0.3142857142857143,0.3583333333333333,0.4095238095238095,-0.6153846153846153,-0.4264985014985014,-0.3071428571428571,0.28205128205128205,0.35890775890775894,0.4095238095238095
co2_full_horizon_mae,mpc_objective,offline_or_diagnostic_only,-0.10294117647058824,0.475,-0.2285714285714285,-0.10223214285714284,0.08928571428571427,0.4380952380952381,0.475,0.5428571428571428,-0.2285714285714285,-0.10482017982017983,0.08928571428571427,0.4358974358974359,0.4738927738927739,0.5428571428571428
co2_final_step_mae,mpc_tair_mae,offline_or_diagnostic_only,0.12058823529411765,0.5666666666666667,0.04285714285714285,0.12075892857142856,0.3607142857142856,0.5333333333333333,0.5666666666666667,0.6476190476190476,-0.07142857142857142,0.11625874125874124,0.3607142857142856,0.5,0.5648684648684649,0.6476190476190476
co2_final_step_mae,mpc_rhair_mae,weak_selection,0.25588235294117645,0.6333333333333333,0.15714285714285714,0.25602678571428567,0.5249999999999999,0.6,0.6333333333333333,0.7238095238095238,0.15714285714285714,0.25104895104895103,0.5249999999999999,0.5934065934065934,0.6316350316350317,0.7238095238095238
co2_final_step_mae,mpc_co2_mae,offline_or_diagnostic_only,-0.22941176470588234,0.425,-0.3607142857142856,-0.22834821428571428,-0.06428571428571428,0.38095238095238093,0.42500000000000004,0.4857142857142857,-0.3626373626373627,-0.22504995004995007,-0.06428571428571428,0.38461538461538464,0.4260739260739261,0.4857142857142857
co2_final_step_mae,mpc_objective,offline_or_diagnostic_only,0.011764705882352941,0.525,-0.07857142857142857,0.01227678571428571,0.2285714285714285,0.49523809523809526,0.5249999999999999,0.6,-0.13736263736263735,0.01056443556443556,0.2285714285714285,0.46153846153846156,0.5236763236763236,0.6
co2_control_horizon_abs_bias,mpc_tair_mae,offline_or_diagnostic_only,0.15882352941176472,0.5666666666666667,0.021428571428571425,0.15848214285714285,0.3107142857142856,0.5238095238095238,0.5666666666666667,0.6285714285714286,0.021428571428571425,0.15916583416583413,0.3107142857142856,0.5238095238095238,0.5669330669330669,0.6285714285714286
co2_control_horizon_abs_bias,mpc_rhair_mae,offline_or_diagnostic_only,-0.3852941176470588,0.38333333333333336,-0.532142857142857,-0.3832589285714285,-0.2642857142857143,0.3238095238095238,0.3833333333333333,0.42857142857142855,-0.5516483516483517,-0.38469030969030976,-0.2642857142857143,0.3076923076923077,0.38301698301698295,0.42857142857142855
co2_control_horizon_abs_bias,mpc_co2_mae,offline_or_diagnostic_only,0.15,0.525,0.07142857142857141,0.14866071428571426,0.3285714285714285,0.4857142857142857,0.5249999999999999,0.580952380952381,0.005494505494505494,0.15412087912087913,0.3285714285714285,0.47435897435897434,0.5271728271728271,0.580952380952381
co2_control_horizon_abs_bias,mpc_objective,offline_or_diagnostic_only,-0.37941176470588234,0.39166666666666666,-0.48571428571428565,-0.3772321428571428,-0.28928571428571426,0.3523809523809524,0.39166666666666666,0.42857142857142855,-0.4835164835164835,-0.37330169830169824,-0.28928571428571426,0.37142857142857144,0.39287379287379287,0.42857142857142855
co2_constraint_near_mae_proxy,mpc_tair_mae,offline_or_diagnostic_only,-0.06764705882352941,0.475,-0.1964285714285714,-0.06741071428571427,0.13214285714285715,0.42857142857142855,0.475,0.5428571428571428,-0.2802197802197803,-0.07674825174825174,0.13214285714285715,0.38461538461538464,0.4711288711288711,0.5428571428571428
co2_constraint_near_mae_proxy,mpc_rhair_mae,offline_or_diagnostic_only,-0.21764705882352942,0.44166666666666665,-0.3321428571428571,-0.2162946428571428,-0.049999999999999996,0.3904761904761905,0.44166666666666665,0.5047619047619047,-0.4505494505494505,-0.22117882117882112,-0.049999999999999996,0.3333333333333333,0.4381951381951383,0.5047619047619047
co2_constraint_near_mae_proxy,mpc_co2_mae,offline_or_diagnostic_only,-0.4147058823529412,0.3333333333333333,-0.5071428571428571,-0.4136160714285714,-0.28928571428571426,0.29523809523809524,0.33333333333333337,0.38095238095238093,-0.521978021978022,-0.4099150849150849,-0.2692307692307692,0.29523809523809524,0.33499833499833503,0.38461538461538464
co2_constraint_near_mae_proxy,mpc_objective,offline_or_diagnostic_only,-0.4441176470588235,0.36666666666666664,-0.5892857142857142,-0.44174107142857133,-0.32499999999999996,0.3238095238095238,0.3666666666666667,0.41904761904761906,-0.5892857142857142,-0.44323176823176824,-0.32499999999999996,0.32051282051282054,0.365001665001665,0.41904761904761906
forecast_only_transfer_rank,mpc_tair_mae,weak_selection,0.28571459557257434,0.6101694915254238,0.21626460825111604,0.2852148549995452,0.5058089597939325,0.5769230769230769,0.6099327300935311,0.6826923076923077,0.19780219780219782,0.28759581510911586,0.5058089597939325,0.5714285714285714,0.6108096449005539,0.6826923076923077
forecast_only_transfer_rank,mpc_rhair_mae,secondary_selection,0.39469851347139134,0.6440677966101694,0.2678571428571428,0.3910874088485048,0.5392857142857141,0.6095238095238096,0.6422706288452648,0.6857142857142857,0.2747252747252747,0.38394923389903896,0.5392857142857141,0.5934065934065934,0.64129279811098,0.6857142857142857
forecast_only_transfer_rank,mpc_co2_mae,offline_or_diagnostic_only,0.04712818071300195,0.5169491525423728,-0.07857142857142857,0.046566839907875024,0.2071428571428571,0.47619047619047616,0.5170676410967674,0.5714285714285714,-0.21428571428571427,0.051521678937778766,0.2071428571428571,0.4358974358974359,0.5191021100112009,0.5714285714285714
forecast_only_transfer_rank,mpc_objective,weak_selection,0.26509601651063597,0.6016949152542372,0.11428571428571425,0.25620708263165926,0.39142106782640007,0.5523809523809524,0.5962421427682351,0.6538461538461539,-0.07692307692307691,0.251246273398042,0.39142106782640007,0.48717948717948717,0.5935420639966095,0.6538461538461539
tair_transfer_selection_score,mpc_tair_mae,offline_or_diagnostic_only,0.19117647058823528,0.575,0.039285714285714285,0.20200892857142855,0.38214285714285706,0.5238095238095238,0.5785714285714285,0.638095238095238,0.039285714285714285,0.20614385614385614,0.5549450549450549,0.5238095238095238,0.5780552780552779,0.7051282051282052
tair_transfer_selection_score,mpc_rhair_mae,secondary_selection,0.5264705882352941,0.7083333333333334,0.42499999999999993,0.5203125,0.6535714285714285,0.6666666666666666,0.7071428571428571,0.7523809523809524,0.42499999999999993,0.5151598401598402,0.6538461538461539,0.6593406593406593,0.7062271062271063,0.7564102564102564
tair_transfer_selection_score,mpc_co2_mae,offline_or_diagnostic_only,0.014705882352941175,0.5166666666666667,-0.15357142857142855,0.014285714285714285,0.1464285714285714,0.45714285714285713,0.5154761904761904,0.5619047619047619,-0.19780219780219782,0.018031968031968024,0.1464285714285714,0.4358974358974359,0.5175824175824176,0.5619047619047619
tair_transfer_selection_score,mpc_objective,weak_selection,0.2911764705882353,0.6166666666666667,0.15,0.2919642857142857,0.46071428571428563,0.5714285714285714,0.6154761904761905,0.6666666666666666,0.13736263736263735,0.2906593406593406,0.532967032967033,0.5384615384615384,0.614119214119214,0.6923076923076923
rhair_transfer_selection_score,mpc_tair_mae,offline_or_diagnostic_only,-0.1192053302853152,0.44537815126050423,-0.2627346893629261,-0.11458177008288095,0.017857142857142853,0.3942307692307692,0.44787660256410255,0.49523809523809526,-0.42857142857142855,-0.12547363232294836,0.017857142857142853,0.3333333333333333,0.4442141192141192,0.49523809523809526
rhair_transfer_selection_score,mpc_rhair_mae,offline_or_diagnostic_only,0.08830024465578903,0.5294117647058824,-0.06076856760775161,0.08789239615748654,0.24307427043100643,0.47115384615384615,0.5281650641025641,0.5769230769230769,-0.06043956043956044,0.08887984502092579,0.24307427043100643,0.47435897435897434,0.5293956043956044,0.5769230769230769
rhair_transfer_selection_score,mpc_co2_mae,offline_or_diagnostic_only,0.004415012232789452,0.4957983193277311,-0.08757822978764203,0.015412961398234573,0.11974982440351054,0.4519230769230769,0.4982028388278388,0.5384615384615384,-0.2912087912087912,0.0015182403688527371,0.11974982440351054,0.38461538461538464,0.49530469530469534,0.5384615384615384
rhair_transfer_selection_score,mpc_objective,objective_secondary_selection,0.44885957700026086,0.6554621848739496,0.33065250021864845,0.4512675917729745,0.5719394598376621,0.6057692307692307,0.6575263278388278,0.7047619047619048,0.1868131868131868,0.4338420687968841,0.5719394598376621,0.5641025641025641,0.6533050283050282,0.7047619047619048
co2_transfer_selection_score,mpc_tair_mae,offline_or_diagnostic_only,0.15882352941176472,0.5666666666666667,0.010714285714285713,0.16316964285714283,0.3285714285714285,0.5238095238095238,0.5678571428571428,0.6285714285714286,0.010714285714285713,0.1585414585414585,0.3285714285714285,0.5238095238095238,0.5646353646353646,0.6285714285714286
co2_transfer_selection_score,mpc_rhair_mae,offline_or_diagnostic_only,-0.25,0.45,-0.38928571428571423,-0.23816964285714282,-0.09999999999999999,0.4,0.4535714285714286,0.49523809523809526,-0.4505494505494505,-0.23838661338661335,-0.09999999999999999,0.38461538461538464,0.4549117549117549,0.5
co2_transfer_selection_score,mpc_co2_mae,offline_or_diagnostic_only,-0.23823529411764705,0.39166666666666666,-0.37499999999999994,-0.23995535714285712,-0.14285714285714282,0.34285714285714286,0.3904761904761905,0.42857142857142855,-0.43956043956043955,-0.23244255744255737,0.021978021978021976,0.3333333333333333,0.3952713952713953,0.48717948717948717
co2_transfer_selection_score,mpc_objective,offline_or_diagnostic_only,-0.31176470588235294,0.4083333333333333,-0.37857142857142856,-0.2928571428571428,-0.1714285714285714,0.3904761904761905,0.4119047619047619,0.44761904761904764,-0.35,-0.293031968031968,-0.1714285714285714,0.38461538461538464,0.41202131202131204,0.44761904761904764
multiobjective_transfer_selection_score,mpc_tair_mae,offline_or_diagnostic_only,0.16764705882352943,0.575,0.08928571428571427,0.17757364973950512,0.42857142857142855,0.5480769230769231,0.5765167124542124,0.6571428571428571,0.005494505494505494,0.1774225774225774,0.42857142857142855,0.5128205128205128,0.5755910755910755,0.6571428571428571
multiobjective_transfer_selection_score,mpc_rhair_mae,offline_or_diagnostic_only,0.14705882352941177,0.5583333333333333,0.014285714285714282,0.1584889280938261,0.28928571428571426,0.5238095238095238,0.5675938644688645,0.6095238095238096,0.014285714285714282,0.15634365634365632,0.28928571428571426,0.5238095238095238,0.5680985680985681,0.6
multiobjective_transfer_selection_score,mpc_co2_mae,offline_or_diagnostic_only,-0.0823529411764706,0.48333333333333334,-0.2678571428571428,-0.10391253632222122,0.0,0.41904761904761906,0.47527472527472525,0.5142857142857142,-0.47802197802197804,-0.10222277722277723,0.07692307692307691,0.3333333333333333,0.476023976023976,0.5512820512820513
multiobjective_transfer_selection_score,mpc_objective,offline_or_diagnostic_only,0.14411764705882352,0.5666666666666667,-0.010714285714285713,0.15268356057319143,0.25,0.5238095238095238,0.5723557692307693,0.6095238095238096,-0.14835164835164835,0.15097402597402595,0.30769230769230765,0.48717948717948717,0.5733599733599734,0.6153846153846154
