profile,resource_weight,predictor,start_idx,steps,objective_mean,tair_mae,rhair_mae,co2_mae,estimated_heat_mj_m2,estimated_electricity_kwh_m2,estimated_co2_kg_m2,estimated_irrigation_l_m2,estimated_heat_cost_eur_m2,estimated_electricity_cost_eur_m2,estimated_co2_cost_eur_m2,estimated_total_resource_cost_eur_m2,trace_path,cost_change_vs_current_hybrid_pct
real_resource_w000,0.0,current_hybrid_transformer,0,96,0.04422049472729365,0.3614930212497711,1.20745050907135,18.809070587158203,0.347655932836314,0.02794055315564426,0.0361915802762435,2.463319106540968,0.0028855442425414065,0.0021537509724142453,0.00289532642209948,0.007934621637055132,C:\repositories\strawberry\agc_mpc\results\control\summaries\current_hybrid_transformer_gradient_mpc_real_resource_w000_start00000_96steps_trace.json,0.0
real_resource_w000,0.0,itransformer_co2_residual,0,96,0.05572794829883302,0.9383721947669983,1.49579656124115,6.322974681854248,0.023179614736909604,0.0,0.03471845390718507,2.3521255146919735,0.00019239080231634972,0.0,0.002777476312574806,0.002969867114891156,C:\repositories\strawberry\agc_mpc\results\control\summaries\itransformer_co2_residual_gradient_mpc_real_resource_w000_start00000_96steps_trace.json,-62.570778409625625
real_resource_w000,0.0,current_hybrid_transformer,96,96,0.051700360529745616,0.5263454914093018,1.4802193641662598,24.352182388305664,0.40903853015214114,0.18499870893001194,0.03146487896551531,2.504554304528149,0.0033950198002627714,0.014799896714400955,0.002517190317241225,0.020712106831904952,C:\repositories\strawberry\agc_mpc\results\control\summaries\current_hybrid_transformer_gradient_mpc_real_resource_w000_start00096_96steps_trace.json,0.0
real_resource_w000,0.0,itransformer_co2_residual,96,96,0.0653947497679231,0.5513609051704407,0.6795384287834167,11.074536323547363,0.0852086269678656,0.14958628497609616,0.030783598757925724,2.1323415442971285,0.0007072316038332845,0.011966902798087693,0.002462687900634058,0.015136822302555036,C:\repositories\strawberry\agc_mpc\results\control\summaries\itransformer_co2_residual_gradient_mpc_real_resource_w000_start00096_96steps_trace.json,-26.91799812833015
real_resource_w000,0.0,current_hybrid_transformer,192,96,0.0428502141245796,0.5386810898780823,0.9615954756736755,49.13816452026367,0.1927934494532474,0.14136577684003818,0.0,0.8673502222256718,0.0016001856304619533,0.006066947922718306,0.0,0.007667133553180259,C:\repositories\strawberry\agc_mpc\results\control\summaries\current_hybrid_transformer_gradient_mpc_real_resource_w000_start00192_96steps_trace.json,0.0
real_resource_w000,0.0,itransformer_co2_residual,192,96,0.04646824650505247,0.3525058329105377,1.5947842597961426,10.700886726379395,0.0,0.2075383121221576,0.002086822191177257,0.8459620112056926,0.0,0.008906852561909264,0.00016694577529418058,0.009073798337203445,C:\repositories\strawberry\agc_mpc\results\control\summaries\itransformer_co2_residual_gradient_mpc_real_resource_w000_start00192_96steps_trace.json,18.34668424993998
real_resource_w000,0.0,current_hybrid_transformer,288,96,0.11255457178534319,0.8656285405158997,3.367321252822876,24.224950790405273,0.25509199228997737,0.02350067023101861,0.03708748161979,2.5328686737609925,0.002117263536006812,0.0018115099969743512,0.0029669985295832004,0.006895772062564364,C:\repositories\strawberry\agc_mpc\results\control\summaries\current_hybrid_transformer_gradient_mpc_real_resource_w000_start00288_96steps_trace.json,0.0
real_resource_w000,0.0,itransformer_co2_residual,288,96,0.06575883711533,0.8296554684638977,1.1783111095428467,10.53565502166748,0.0,0.0,0.03446791912639001,2.414109767185809,0.0,0.0,0.0027574335301112007,0.0027574335301112007,C:\repositories\strawberry\agc_mpc\results\control\summaries\itransformer_co2_residual_gradient_mpc_real_resource_w000_start00288_96steps_trace.json,-60.01269321124021
real_resource_w000,0.0,current_hybrid_transformer,384,96,0.0786614337315162,0.5357997417449951,1.5299984216690063,30.833398818969727,0.2123857253826716,0.19925640917500487,0.030659648172526175,2.4413326510345574,0.001762801520676174,0.01594051273400039,0.002452771853802094,0.020156086108478657,C:\repositories\strawberry\agc_mpc\results\control\summaries\current_hybrid_transformer_gradient_mpc_real_resource_w000_start00384_96steps_trace.json,0.0
real_resource_w000,0.0,itransformer_co2_residual,384,96,0.11437242579025526,0.5245527625083923,1.8391766548156738,12.205902099609375,0.11119996930117917,0.16910448947128898,0.0303262954682195,2.297295931029698,0.0009229597451997872,0.013528359157703118,0.00242610363745756,0.016877422540360464,C:\repositories\strawberry\agc_mpc\results\control\summaries\itransformer_co2_residual_gradient_mpc_real_resource_w000_start00384_96steps_trace.json,-16.26637012003547
real_resource_w002,0.02,current_hybrid_transformer,0,96,0.05199528636876494,0.3652935028076172,1.1741324663162231,19.15293312072754,0.3607961775781481,0.017939971927053128,0.036008685398739165,2.443102038830795,0.002994608273898629,0.0013828728360436786,0.0028806948318991334,0.007258175941841441,C:\repositories\strawberry\agc_mpc\results\control\summaries\current_hybrid_transformer_gradient_mpc_real_resource_w002_start00000_96steps_trace.json,0.0
real_resource_w002,0.02,itransformer_co2_residual,0,96,0.061887823860161006,0.9483151435852051,1.50360906124115,6.135171890258789,0.027065376353715438,0.0,0.03452207954926569,2.3487802367099304,0.00022464262373583812,0.0,0.0027617663639412553,0.0029864089876770936,C:\repositories\strawberry\agc_mpc\results\control\summaries\itransformer_co2_residual_gradient_mpc_real_resource_w002_start00000_96steps_trace.json,-58.85455227860701
real_resource_w002,0.02,current_hybrid_transformer,96,96,0.0624008746429657,0.5610673427581787,1.5031341314315796,25.98908805847168,0.43887275383063906,0.20214392715082052,0.031998303370237804,2.543073021427956,0.0036426438567943044,0.01617151417206564,0.0025598642696190244,0.022374022298478968,C:\repositories\strawberry\agc_mpc\results\control\summaries\current_hybrid_transformer_gradient_mpc_real_resource_w002_start00096_96steps_trace.json,0.0
real_resource_w002,0.02,itransformer_co2_residual,96,96,0.07986801032287379,0.7495577335357666,1.1889828443527222,11.420619010925293,0.10801352151695451,0.15517856578495579,0.030816111501121752,2.1736890417603796,0.0008965122285907224,0.012414285262796462,0.00246528892008974,0.015776086411476924,C:\repositories\strawberry\agc_mpc\results\control\summaries\itransformer_co2_residual_gradient_mpc_real_resource_w002_start00096_96steps_trace.json,-29.48927018567683
real_resource_w002,0.02,current_hybrid_transformer,192,96,0.04888049972942099,0.5725009441375732,0.9630870819091797,48.79056930541992,0.18565650367158495,0.10731213818348953,0.0,0.8439130922041498,0.001540948980474155,0.004605479263708093,0.0,0.006146428244182248,C:\repositories\strawberry\agc_mpc\results\control\summaries\current_hybrid_transformer_gradient_mpc_real_resource_w002_start00192_96steps_trace.json,0.0
real_resource_w002,0.02,itransformer_co2_residual,192,96,0.05405505529294411,0.3538367450237274,1.6632624864578247,10.979493141174316,0.0,0.20180023722848023,0.0019559014748062762,0.8466677049685982,0.0,0.008660593514388944,0.0001564721179845021,0.008817065632373446,C:\repositories\strawberry\agc_mpc\results\control\summaries\itransformer_co2_residual_gradient_mpc_real_resource_w002_start00192_96steps_trace.json,43.45023291728858
real_resource_w002,0.02,current_hybrid_transformer,288,96,0.12265526212286204,0.878075897693634,3.407816171646118,24.253934860229492,0.19047631162645262,0.01790961799223263,0.03701816590771629,2.516155417465223,0.0015809533864995567,0.0013805330535679318,0.002961453272617303,0.005922939712684792,C:\repositories\strawberry\agc_mpc\results\control\summaries\current_hybrid_transformer_gradient_mpc_real_resource_w002_start00288_96steps_trace.json,0.0
real_resource_w002,0.02,itransformer_co2_residual,288,96,0.07192034738060708,0.8482467532157898,1.196029543876648,11.179142951965332,0.0,0.0,0.03428098841116542,2.405090851249863,0.0,0.0,0.0027424790728932335,0.0027424790728932335,C:\repositories\strawberry\agc_mpc\results\control\summaries\itransformer_co2_residual_gradient_mpc_real_resource_w002_start00288_96steps_trace.json,-53.69733264345344
real_resource_w002,0.02,current_hybrid_transformer,384,96,0.08563588586791109,0.5500873923301697,1.5183779001235962,30.855697631835938,0.17578695561343496,0.199868943099145,0.03072666843349516,2.4414653602887055,0.0014590317315915102,0.0159895154479316,0.002458133474679613,0.019906680654202723,C:\repositories\strawberry\agc_mpc\results\control\summaries\current_hybrid_transformer_gradient_mpc_real_resource_w002_start00384_96steps_trace.json,0.0
real_resource_w002,0.02,itransformer_co2_residual,384,96,0.12121434300206602,0.5346196889877319,1.8125444650650024,11.772026062011719,0.15018604410522085,0.17305825033558703,0.03031951174200977,2.3338283861149822,0.001246544166073333,0.013844660026846962,0.0024255609393607817,0.017516765132281075,C:\repositories\strawberry\agc_mpc\results\control\summaries\itransformer_co2_residual_gradient_mpc_real_resource_w002_start00384_96steps_trace.json,-12.005595324688578
real_resource_w005,0.05,current_hybrid_transformer,0,96,0.06295225843011092,0.36286187171936035,1.1437994241714478,19.149316787719727,0.2596101876997652,0.005624921553251087,0.03503346200500876,2.3971710011551854,0.002154764557908051,0.0004335877030631046,0.002802676960400701,0.005391029221371857,C:\repositories\strawberry\agc_mpc\results\control\summaries\current_hybrid_transformer_gradient_mpc_real_resource_w005_start00000_96steps_trace.json,0.0
real_resource_w005,0.05,itransformer_co2_residual,0,96,0.06858298058311145,0.8810796737670898,1.428642749786377,7.084837436676025,0.012655873590474709,0.0,0.034213190346619834,2.334224499378749,0.00010504375080094009,0.0,0.002737055227729587,0.002842098978530527,C:\repositories\strawberry\agc_mpc\results\control\summaries\itransformer_co2_residual_gradient_mpc_real_resource_w005_start00000_96steps_trace.json,-47.2809576460189
real_resource_w005,0.05,current_hybrid_transformer,96,96,0.07359823545751472,0.5559989809989929,1.485997200012207,26.26410484313965,0.4321784683034953,0.20149549037212358,0.031958859883234964,2.5422962859096834,0.0035870812869190113,0.016119639229769885,0.002556708790658797,0.022263429307347694,C:\repositories\strawberry\agc_mpc\results\control\summaries\current_hybrid_transformer_gradient_mpc_real_resource_w005_start00096_96steps_trace.json,0.0
real_resource_w005,0.05,itransformer_co2_residual,96,96,0.07951025598837684,0.48585471510887146,0.5649707317352295,11.11861515045166,0.08153689959214956,0.10095808566968097,0.030233866093366327,2.0973480323752725,0.0006767562666148414,0.008076646853574478,0.0024187092874693064,0.011172112407658627,C:\repositories\strawberry\agc_mpc\results\control\summaries\itransformer_co2_residual_gradient_mpc_real_resource_w005_start00096_96steps_trace.json,-49.81854657956289
real_resource_w005,0.05,current_hybrid_transformer,192,96,0.057206606647620596,0.6049380898475647,0.9042714238166809,48.66615676879883,0.17395357872658856,0.07475534491757449,0.0,0.7584352780377648,0.001443814703430685,0.003208250219379239,0.0,0.004652064922809924,C:\repositories\strawberry\agc_mpc\results\control\summaries\current_hybrid_transformer_gradient_mpc_real_resource_w005_start00192_96steps_trace.json,0.0
real_resource_w005,0.05,itransformer_co2_residual,192,96,0.0643003269797191,0.38975557684898376,1.7315772771835327,11.11706829071045,0.0,0.19415910465719213,0.0018996586554484167,0.8699738118253375,0.0,0.008332661574871163,0.00015197269243587334,0.008484634267307035,C:\repositories\strawberry\agc_mpc\results\control\summaries\itransformer_co2_residual_gradient_mpc_real_resource_w005_start00192_96steps_trace.json,82.38426178674601
real_resource_w005,0.05,current_hybrid_transformer,288,96,0.1320816808147356,0.8653373718261719,3.306333303451538,24.25034523010254,0.17375780526254106,0.01315444108276987,0.03689909787939391,2.49452423596389,0.0014421897836790908,0.0010139881667968443,0.002951927830351513,0.005408105780827448,C:\repositories\strawberry\agc_mpc\results\control\summaries\current_hybrid_transformer_gradient_mpc_real_resource_w005_start00288_96steps_trace.json,0.0
real_resource_w005,0.05,itransformer_co2_residual,288,96,0.08009396928052108,0.8338630795478821,1.1559500694274902,12.077458381652832,0.0,0.0,0.034179010773348575,2.396691142989682,0.0,0.0,0.0027343208618678862,0.0027343208618678862,C:\repositories\strawberry\agc_mpc\results\control\summaries\itransformer_co2_residual_gradient_mpc_real_resource_w005_start00288_96steps_trace.json,-49.44032212606738
real_resource_w005,0.05,current_hybrid_transformer,384,96,0.09488614365303268,0.5404794812202454,1.467657208442688,31.313108444213867,0.13539718146990198,0.19710412102724734,0.03074678342233704,2.4267672705972476,0.0011237966062001864,0.015768329682179786,0.0024597426737869633,0.019351868962166938,C:\repositories\strawberry\agc_mpc\results\control\summaries\current_hybrid_transformer_gradient_mpc_real_resource_w005_start00384_96steps_trace.json,0.0
real_resource_w005,0.05,itransformer_co2_residual,384,96,0.14698927154919753,0.6683838963508606,2.385836601257324,13.49953842163086,0.10935209201420777,0.17242112337064586,0.03033150078722247,2.310461160980415,0.0009076223637179246,0.013793689869651668,0.0024265200629777976,0.01712783229634739,C:\repositories\strawberry\agc_mpc\results\control\summaries\itransformer_co2_residual_gradient_mpc_real_resource_w005_start00384_96steps_trace.json,-11.492619499271918
real_resource_w008,0.08,current_hybrid_transformer,0,96,0.07358370837755501,0.3666994869709015,1.1390788555145264,19.81684684753418,0.22796425852843205,0.005212813611432784,0.03472583121504437,2.408427545970151,0.001892103345785986,0.00040182104921461043,0.0027780664972035496,0.005071990892204146,C:\repositories\strawberry\agc_mpc\results\control\summaries\current_hybrid_transformer_gradient_mpc_real_resource_w008_start00000_96steps_trace.json,0.0
real_resource_w008,0.08,itransformer_co2_residual,0,96,0.07674716385857512,0.8769292831420898,1.369122862815857,8.480072021484375,0.0,0.0,0.033903335403475156,2.343097537262792,0.0,0.0,0.0027122668322780126,0.0027122668322780126,C:\repositories\strawberry\agc_mpc\results\control\summaries\itransformer_co2_residual_gradient_mpc_real_resource_w008_start00000_96steps_trace.json,-46.52461153968404
real_resource_w008,0.08,current_hybrid_transformer,96,96,0.08437750317777197,0.537061870098114,1.4658645391464233,26.623558044433594,0.42311296570847434,0.1987741987061045,0.03192843741956497,2.5342760098480794,0.0035118376153803373,0.015901935896488358,0.0025542749935651976,0.021968048505433893,C:\repositories\strawberry\agc_mpc\results\control\summaries\current_hybrid_transformer_gradient_mpc_real_resource_w008_start00096_96steps_trace.json,0.0
real_resource_w008,0.08,itransformer_co2_residual,96,96,0.09348197234794497,0.5599814057350159,0.6338528990745544,11.522526741027832,0.0755941998327927,0.10238750607002389,0.03024184473971455,2.0961969155369893,0.0006274318586121794,0.008191000485601911,0.002419347579177164,0.011237779923391256,C:\repositories\strawberry\agc_mpc\results\control\summaries\itransformer_co2_residual_gradient_mpc_real_resource_w008_start00096_96steps_trace.json,-48.84488751646947
real_resource_w008,0.08,current_hybrid_transformer,192,96,0.06546699841662,0.6042554974555969,0.9402033686637878,49.00667190551758,0.1731092228064054,0.061075385391341774,0.0,0.7540744184940814,0.0014368065492931649,0.0026211519563784182,0.0,0.004057958505671583,C:\repositories\strawberry\agc_mpc\results\control\summaries\current_hybrid_transformer_gradient_mpc_real_resource_w008_start00192_96steps_trace.json,0.0
real_resource_w008,0.08,itransformer_co2_residual,192,96,0.048467671556863934,0.1654965728521347,0.9504225254058838,12.587018013000488,0.10489715388861423,0.07156011025950469,0.0,0.6946703325227866,0.0008706463772754982,0.003071121398637077,0.0,0.003941767775912575,C:\repositories\strawberry\agc_mpc\results\control\summaries\itransformer_co2_residual_gradient_mpc_real_resource_w008_start00192_96steps_trace.json,-2.863280380925892
real_resource_w008,0.08,current_hybrid_transformer,288,96,0.14361747455162308,0.8815247416496277,3.3334217071533203,24.188920974731445,0.15781252388935782,0.012124002773685404,0.036893833252086596,2.4937148580001534,0.00130984394828167,0.0009345585471382499,0.0029515066601669276,0.0051959091555868475,C:\repositories\strawberry\agc_mpc\results\control\summaries\current_hybrid_transformer_gradient_mpc_real_resource_w008_start00288_96steps_trace.json,0.0
real_resource_w008,0.08,itransformer_co2_residual,288,96,0.08841813786420971,0.8298759460449219,1.1245942115783691,13.34292984008789,0.0,0.0,0.03392218002955548,2.391930731288705,0.0,0.0,0.0027137744023644386,0.0027137744023644386,C:\repositories\strawberry\agc_mpc\results\control\summaries\itransformer_co2_residual_gradient_mpc_real_resource_w008_start00288_96steps_trace.json,-47.77094207956887
real_resource_w008,0.08,current_hybrid_transformer,384,96,0.10342486354056746,0.5218327045440674,1.4526902437210083,31.265701293945312,0.14474159220551297,0.19714386576141132,0.030701434042767713,2.4391387393093615,0.0012013552153057577,0.015771509260912905,0.002456114723421417,0.01942897919964008,C:\repositories\strawberry\agc_mpc\results\control\summaries\current_hybrid_transformer_gradient_mpc_real_resource_w008_start00384_96steps_trace.json,0.0
real_resource_w008,0.08,itransformer_co2_residual,384,96,0.1581353668201094,0.7178073525428772,2.431044816970825,12.369219779968262,0.1244363310242941,0.17244146228716872,0.030313425550859738,2.3260777138267383,0.001032821547501641,0.013795316982973498,0.002425074044068779,0.017253212574543916,C:\repositories\strawberry\agc_mpc\results\control\summaries\itransformer_co2_residual_gradient_mpc_real_resource_w008_start00384_96steps_trace.json,-11.198563767758166
